package_name,package_description,submitting_author,all_current_maintainers,repository_link,version_submitted,categories,editor,eic,reviewers,archive,version_accepted,date_accepted,created_at,updated_at,closed_at,issue_link,joss,partners,gh_meta,labels,active
PIVA,Visualization and analysis toolkit for experimental data from Angle-Resolved Photoemission Spectroscopy (ARPES),"{'name': 'Wojciech Radoslaw Pudelko', 'github_username': 'pudeIko'}","[{'name': 'Wojciech Radoslaw Pudelko', 'github_username': 'pudeIko'}]",https://github.com/pudeIko/piva,v2.3.2,"['data-extraction', 'data-visualization']","{'name': 'Carter Lee Rhea', 'github_username': 'crhea93'}","{'name': 'James J Balamuta', 'github_username': 'coatless'}","[{'name': 'J. Steven Dodge', 'github_username': 'jsdodge'}, {'name': 'Arthur Eigenbrot', 'github_username': 'eigenbrot'}]",https://zenodo.org/doi/10.5281/zenodo.16755506,v3.0.0,2025-08-04,2025-01-04 14:36:12+00:00,2025-08-06 20:04:29+00:00,,https://github.com/pyOpenSci/software-submission/issues/231,,,"{'name': 'piva', 'description': 'Interactive tools for the visualization and analysis of multidimensional photoemission data', 'created_at': '2022-04-12', 'stargazers_count': 7, 'watchers_count': 1, 'open_issues_count': 7, 'forks_count': 3, 'documentation': 'https://piva.readthedocs.io/en/latest/intro.html', 'contrib_count': 3, 'last_commit': '2025-08-06'}","['6/pyOS-approved', '7/under-joss-review']",True
GREOPy,Calculate relativistic light rays sent by an emitter to a receiver in the presence of a gravitational field.,"{'name': 'Jan P. Hackstein', 'github_username': 'irideselby'}","[{'name': None, 'github_username': 'irideselby'}]",https://codeberg.org/JPHackstein/GREOPy,v0.2.1,['data-processing-munging'],"{'name': 'Jonas Eschle', 'github_username': 'jonas-eschle'}","{'name': 'James J Balamuta', 'github_username': 'coatless'}","[{'name': 'Leo Singer', 'github_username': 'lpsinger'}, {'name': 'Sanjana Kandi', 'github_username': 'KandiSanjana'}]",https://zenodo.org/records/14537866,TBD,missing,2024-12-21 12:34:09+00:00,2025-08-27 14:03:48+00:00,,https://github.com/pyOpenSci/software-submission/issues/227,,,,"['6/pyOS-approved', '9/joss-approved']",True
neonutilities,neonutilities is a package for accessing and wrangling data generated and published by the National Ecological Observatory Network.,"{'name': 'Claire Lunch', 'github_username': 'cklunch'}","[{'name': 'Claire Lunch', 'github_username': 'cklunch'}, {'name': 'Bridget Hass', 'github_username': 'bhass-neon'}, {'name': None, 'github_username': 'znickerson8'}]",https://github.com/NEONScience/NEON-utilities-python,v1.0.1,"['data-retrieval', 'data-processing-munging']","{'name': 'Julieta Millan', 'github_username': 'JuliMillan'}","{'name': 'Chiara Marmo', 'github_username': 'cmarmo'}","[{'name': 'Ethan White', 'github_username': 'ethanwhite'}, {'name': None, 'github_username': 'benjamindonnachie'}]",https://doi.org/10.5281/zenodo.15530180,v1.1.0,2025-05- 10,2024-09-25 21:27:31+00:00,2025-06-11 23:06:08+00:00,2025-05-30 16:31:22+00:00,https://github.com/pyOpenSci/software-submission/issues/213,,,"{'name': 'NEON-utilities-python', 'description': 'Repository for Python package containing data-wrangling utilities for working with NEON data.', 'created_at': '2023-08-25', 'stargazers_count': 4, 'watchers_count': 4, 'open_issues_count': 2, 'forks_count': 4, 'documentation': 'https://neon-utilities-python.readthedocs.io/en/latest/', 'contrib_count': 5, 'last_commit': '2025-08-14'}",['6/pyOS-approved'],True
Solar Data Tools,Library of tools for analyzing photovoltaic power time-series data.,"{'name': 'Sara Miskovich', 'github_username': 'pluflou'}","[{'name': 'Sara A. Miskovich', 'github_username': 'pluflou'}, {'name': 'Bennet Meyers', 'github_username': 'bmeyers'}]",https://github.com/slacgismo/solar-data-tools,1.6.4,"['data-retrieval', 'data-extraction', 'data-processing-munging', 'data-visualization']","{'name': 'Silvana Ovaitt', 'github_username': 'shirubana'}","{'name': 'Chiara Marmo', 'github_username': 'cmarmo'}","[{'name': 'Jinning Wang', 'github_username': 'jinningwang'}, {'name': 'Echedey Luis', 'github_username': 'echedey-ls'}, {'name': 'Chris Deline', 'github_username': 'cdeline'}]",https://doi.org/10.5281/zenodo.15243716,1.7.1,2025-06-13,2024-08-17 06:30:02+00:00,2025-06-27 21:22:44+00:00,2025-06-27 21:22:44+00:00,https://github.com/pyOpenSci/software-submission/issues/210,https://doi.org/10.21105/joss.08478,,"{'name': 'solar-data-tools', 'description': 'Some data analysis tools for working with historical PV solar time-series data sets. ', 'created_at': '2019-02-17', 'stargazers_count': 83, 'watchers_count': 9, 'open_issues_count': 2, 'forks_count': 29, 'documentation': 'https://solar-data-tools.readthedocs.io', 'contrib_count': 19, 'last_commit': '2025-08-26'}","['6/pyOS-approved', '9/joss-approved']",True
THzTools,Data analysis software tools for terahertz time-domain spectroscopy (THz-TDS),"{'name': 'J. Steven Dodge', 'github_username': 'jsdodge'}","[{'name': 'J. Steven Dodge', 'github_username': 'jsdodge'}]",https://github.com/dodge-research-group/thztools,0.5.4,['data-processing-munging'],"{'name': 'Bane Sullivan', 'github_username': 'banesullivan'}","{'name': 'Chiara Marmo', 'github_username': 'cmarmo'}","[{'name': 'Frank Male', 'github_username': 'frank1010111'}, {'name': None, 'github_username': 'Romain-Peretti'}]",https://doi.org/10.5281/zenodo.10100093,0.5.5,2024-11-22,2024-08-01 11:54:53+00:00,2025-03-26 06:49:24+00:00,2024-12-03 02:41:20+00:00,https://github.com/pyOpenSci/software-submission/issues/209,https://doi.org/10.21105/joss.07542,,"{'name': 'thztools', 'description': 'Tools for terahertz time-domain spectroscopy (THz-TDS)', 'created_at': '2022-11-22', 'stargazers_count': 19, 'watchers_count': 2, 'open_issues_count': 3, 'forks_count': 11, 'documentation': 'https://dodge-research-group.github.io/thztools/', 'contrib_count': 5, 'last_commit': '2024-12-03'}","['6/pyOS-approved', '9/joss-approved']",True
MontePy,"MontePy is a python library for reading, editing, and writing MCNP input files.","{'name': 'Micah Gale', 'github_username': 'micahgale'}","[{'name': 'Micah Gale', 'github_username': 'micahgale'}, {'name': 'Travis L.', 'github_username': 'tjlaboss'}]",https://github.com/idaholab/MontePy,0.2.10,"['workflow-automation', 'scientific-software-wrapper']","{'name': 'Kelly L. Rowland', 'github_username': 'kellyrowland'}","{'name': 'Chiara Marmo', 'github_username': 'cmarmo'}","[{'name': 'Madicken Munk', 'github_username': 'munkm'}, {'name': 'Joanna Piper Morgan', 'github_username': 'jpmorgan98'}]",https://doi.org/10.5281/zenodo.15185506,0.5.5,2025-03-19,2024-07-01 21:04:05+00:00,2025-05-20 13:22:25+00:00,2025-04-30 19:12:35+00:00,https://github.com/pyOpenSci/software-submission/issues/205,https://joss.theoj.org/papers/10.21105/joss.07951,,"{'name': 'MontePy', 'description': 'MontePy is the most user friendly Python library (API) to read, edit, and write MCNP input files.', 'created_at': '2024-01-09', 'stargazers_count': 48, 'watchers_count': 5, 'open_issues_count': 115, 'forks_count': 15, 'documentation': 'https://www.montepy.org/', 'contrib_count': 6, 'last_commit': '2025-08-18'}","['6/pyOS-approved', '9/joss-approved']",True
Great Tables,Make awesome display tables using Python.,"{'name': 'Richard Iannone', 'github_username': 'rich-iannone'}","[{'name': 'Richard Iannone', 'github_username': 'rich-iannone'}, {'name': 'Michael Chow', 'github_username': 'machow'}]",https://github.com/posit-dev/great-tables,v0.13.0,['data-visualization'],"{'name': 'Alex Batisse', 'github_username': 'Batalex'}","{'name': 'Alex Batisse', 'github_username': 'Batalex'}","[{'name': None, 'github_username': 'cjbassin'}, {'name': 'Guillaume Lemaitre', 'github_username': 'glemaitre'}]",https://doi.org/10.5281/zenodo.15312934,v0.14.0,2025-01-03,2024-06-14 19:55:59+00:00,2025-07-29 22:16:52+00:00,2025-07-29 22:16:20+00:00,https://github.com/pyOpenSci/software-submission/issues/202,,,"{'name': 'great-tables', 'description': 'Make awesome display tables using Python', 'created_at': '2022-05-06', 'stargazers_count': 2427, 'watchers_count': 15, 'open_issues_count': 118, 'forks_count': 100, 'documentation': 'https://posit-dev.github.io/great-tables/', 'contrib_count': 25, 'last_commit': '2025-08-25'}",['6/pyOS-approved'],True
Stingray,A spectral-timing software package for astrophysical X-ray (and other) data,"{'name': 'Matteo Bachetti', 'github_username': 'matteobachetti'}","[{'name': 'Daniela Huppenkothen', 'github_username': 'dhuppenkothen'}, {'name': 'Guglielmo Mastroserio', 'github_username': 'mgullik'}, {'name': 'John Swinbank', 'github_username': 'jdswinbank'}, {'name': None, 'github_username': 'matteolucchini1'}]",https://github.com/stingraysoftware/stingray,2.1,"['data-processing-munging', 'data-validation-testing']","{'name': 'Hans Moritz Günther', 'github_username': 'hamogu'}","{'name': 'Chiara Marmo', 'github_username': 'cmarmo'}","[{'name': 'Tom Aldcroft', 'github_username': 'taldcroft'}, {'name': 'Mason Ng', 'github_username': 'masonng-astro'}]",https://doi.org/10.5281/zenodo.11383212,2.1,2024-10-01,2024-06-14 12:59:47+00:00,2024-11-23 00:06:34+00:00,2024-11-13 00:03:51+00:00,https://github.com/pyOpenSci/software-submission/issues/201,https://joss.theoj.org/papers/10.21105/joss.07389,['astropy'],"{'name': 'stingray', 'description': 'Anything can happen in the next half hour (including spectral timing made easy)!', 'created_at': '2015-09-30', 'stargazers_count': 201, 'watchers_count': 19, 'open_issues_count': 47, 'forks_count': 166, 'documentation': 'https://stingray.science/stingray', 'contrib_count': 54, 'last_commit': '2025-08-25'}","['6/pyOS-approved', '9/joss-approved', 'astropy']",True
astrodata,Common interface for astronomical data products.,"{'name': 'D.J. Teal', 'github_username': 'teald'}","[{'name': 'Teal', 'github_username': 'teald'}, {'name': 'Chris Simpson', 'github_username': 'chris-simpson'}, {'name': None, 'github_username': 'jehturner'}]",https://github.com/GeminiDRSoftware/astrodata,2.9.2,"['data-extraction', 'data-processing-munging']","{'name': 'Hans Moritz Günther', 'github_username': 'hamogu'}",,"[{'name': 'Aarya Patil', 'github_username': 'aaryapatil'}, {'name': 'Matt Craig', 'github_username': 'mwcraig'}]",https://zenodo.org/records/14804283,2.10.1,2025-02-04,2024-05-13 23:48:03+00:00,2025-04-11 19:09:21+00:00,2025-04-11 19:09:19+00:00,https://github.com/pyOpenSci/software-submission/issues/181,,['astropy'],"{'name': 'astrodata', 'description': None, 'created_at': '2023-10-17', 'stargazers_count': 1, 'watchers_count': 2, 'open_issues_count': 14, 'forks_count': 2, 'documentation': 'https://geminidrsoftware.github.io/astrodata/', 'contrib_count': 4, 'last_commit': '2025-04-02'}","['6/pyOS-approved', 'astropy']",True
QuadratiK,"QuadratiK includes test for multivariate normality, test for uniformity on the sphere, non-parametric two- and k-sample tests, random generation of points from the Poisson kernel-based density and clustering algorithm for spherical data.","{'name': 'Raktim Mukhopadhyay', 'github_username': 'rmj3197'}","[{'name': 'Raktim Mukhopadhyay', 'github_username': 'rmj3197'}, {'name': 'Giovanni Saraceno', 'github_username': 'giovsaraceno'}]",https://github.com/rmj3197/QuadratiK,1.1.0,['data-processing-munging'],"{'name': 'Isabel Zimmerman', 'github_username': 'isabelizimm'}","{'name': 'Alex Batisse', 'github_username': 'Batalex'}","[{'name': 'Alyssa Columbus', 'github_username': 'acolum'}, {'name': 'Avik Basu', 'github_username': 'ab93'}]",https://zenodo.org/records/14546750,1.1.2,2024-12-03,2024-05-13 21:23:44+00:00,2025-03-17 01:23:41+00:00,2025-02-27 20:45:41+00:00,https://github.com/pyOpenSci/software-submission/issues/180,,,"{'name': 'QuadratiK', 'description': 'QuadratiK includes test for multivariate normality, test for uniformity on the sphere, non-parametric two- and k-sample tests, random generation of points from the Poisson kernel-based density and clustering algorithm for spherical data.', 'created_at': '2024-02-04', 'stargazers_count': 3, 'watchers_count': 2, 'open_issues_count': 0, 'forks_count': 0, 'documentation': 'https://quadratik.readthedocs.io/', 'contrib_count': 1, 'last_commit': '2025-07-18'}",['6/pyOS-approved'],True
PyPartMC,Python interface to PartMC aerosol-dynamics Monte-Carlo simulation package,"{'name': 'Sylwester Arabas', 'github_username': 'slayoo'}","[{'name': ""Zach D'Aquino"", 'github_username': 'zdaq12'}, {'name': 'Jeffrey Curtis', 'github_username': 'jcurtis2'}, {'name': 'Nicole Riemer', 'github_username': 'nriemer'}, {'name': 'Matthew West', 'github_username': 'mwest1066'}]",https://github.com/open-atmos/PyPartMC/,v1.2.0,['scientific-software-wrapper'],"{'name': 'Chiara Marmo', 'github_username': 'cmarmo'}","{'name': 'Alex Batisse', 'github_username': 'Batalex'}","[{'name': ""Simon O'Meara"", 'github_username': 'simonom'}, {'name': 'Dan Baston', 'github_username': 'dbaston'}]",https://doi.org/10.5281/zenodo.14801138,1.4.2,2025-02-12,2024-05-03 18:22:59+00:00,2025-02-17 21:44:56+00:00,2025-02-17 18:52:18+00:00,https://github.com/pyOpenSci/software-submission/issues/179,,,"{'name': 'PyPartMC', 'description': 'Python (and C++) interface to PartMC with Jupyter/Python, Julia and Matlab examples', 'created_at': '2021-10-26', 'stargazers_count': 30, 'watchers_count': 5, 'open_issues_count': 51, 'forks_count': 14, 'documentation': 'https://open-atmos.github.io/PyPartMC/', 'contrib_count': 9, 'last_commit': '2025-08-28'}",['6/pyOS-approved'],True
CyNetDiff,"A performance-focused library implementing algorithms for simulating network diffusion processes, written in Cython.","{'name': 'Name', 'github_username': 'eliotwrobson'}","[{'name': 'Eliot Robson', 'github_username': 'eliotwrobson'}, {'name': 'Abhishek Umrawal', 'github_username': 'abhishekumrawal'}]",https://github.com/eliotwrobson/CyNetDiff,v0.1.13,['data-processing-munging'],"[{'name': 'Jonny Saunders', 'github_username': 'sneakers-the-rat'}, {'name': 'Leah Wasser', 'github_username': 'lwasser'}]","{'name': 'Alex Batisse', 'github_username': 'Batalex'}","[{'name': 'Kai Striega', 'github_username': 'Kai-Striega'}, {'name': 'SQ', 'github_username': 'jeremyzhangsq'}]",,TBD,2025-08-22,2024-04-22 03:28:38+00:00,2025-08-23 05:13:16+00:00,,https://github.com/pyOpenSci/software-submission/issues/175,,,"{'name': 'CyNetDiff', 'description': 'A performance-focused library implementing algorithms for simulating network diffusion processes, written in Cython.', 'created_at': '2023-12-12', 'stargazers_count': 5, 'watchers_count': 2, 'open_issues_count': 1, 'forks_count': 1, 'documentation': 'https://eliotwrobson.github.io/CyNetDiff/', 'contrib_count': 1, 'last_commit': '2025-08-23'}",['6/pyOS-approved'],True
pooltool,Pooltool is a general purpose billiards simulator crafted specifically for science and engineering.,"{'name': 'Evan Kiefl', 'github_username': 'ekiefl'}","[{'name': 'Evan Kiefl', 'github_username': 'ekiefl'}]",https://github.com/ekiefl/pooltool,v0.3.3,"['data-processing-munging', 'data-visualization']","{'name': 'Chiara Marmo', 'github_username': 'cmarmo'}","{'name': 'Alex Batisse', 'github_username': 'Batalex'}","[{'name': 'Sebastiano Tronto', 'github_username': 'sebastianotronto'}, {'name': 'Eliot Robson', 'github_username': 'eliotwrobson'}]",https://doi.org/10.5281/zenodo.13824503,0.4.1,2024-09-16,2024-04-15 21:44:43+00:00,2024-11-22 01:30:45+00:00,2024-10-01 11:51:34+00:00,https://github.com/pyOpenSci/software-submission/issues/173,https://doi.org/10.21105/joss.07301,,"{'name': 'pooltool', 'description': 'A sandbox billiards game that emphasizes realistic physics', 'created_at': '2020-04-09', 'stargazers_count': 288, 'watchers_count': 13, 'open_issues_count': 3, 'forks_count': 50, 'documentation': 'https://pooltool.readthedocs.io', 'contrib_count': 8, 'last_commit': '2025-07-20'}","['6/pyOS-approved', '9/joss-approved']",True
martini,MARTINI is a modular package for the creation of synthetic resolved HI line observations (data cubes) of smoothed-particle hydrodynamics simulations of galaxies.,"{'name': 'Kyle Oman', 'github_username': 'kyleaoman'}","[{'name': 'Kyle Oman', 'github_username': 'kyleaoman'}]",https://github.com/kyleaoman/martini,"2.0.11 (note JOSS paper is in branch joss-paper, and that branch is somewhat behind main & 2.0.11)",['data-processing-munging'],"{'name': 'Hans Moritz Günther', 'github_username': 'hamogu'}","{'name': 'Isabel Zimmerman', 'github_username': 'isabelizimm'}","[{'name': 'Tom Aldcroft', 'github_username': 'taldcroft'}, {'name': 'Michele Delli Veneri', 'github_username': 'MicheleDelliVeneri'}]",https://zenodo.org/doi/10.5281/zenodo.11193206,2.0.15,2024-06-03,2024-03-06 17:08:29+00:00,2025-01-14 18:42:39+00:00,2024-07-01 15:58:14+00:00,https://github.com/pyOpenSci/software-submission/issues/164,https://doi.org/10.21105/joss.06860,['astropy'],"{'name': 'martini', 'description': 'Mock spatially resolved spectral line observations of simulated galaxies.', 'created_at': '2017-10-19', 'stargazers_count': 21, 'watchers_count': 2, 'open_issues_count': 16, 'forks_count': 7, 'documentation': 'https://martini.readthedocs.io/', 'contrib_count': 1, 'last_commit': '2025-05-27'}","['6/pyOS-approved', '9/joss-approved', 'astropy']",True
ZodiPy,Zodiacal emission simulations in timestreams or HEALPix for solar system observers.,"{'name': 'Metin San', 'github_username': 'metinsa'}","[{'name': 'Metin San', 'github_username': 'metinsa'}, {'name': 'Duncan Watts', 'github_username': 'dncnwtts'}, {'name': 'Daniel Herman', 'github_username': 'hermda02'}]",https://github.com/Cosmoglobe/zodipy,v.0.8.5,['scientific-software-wrapper'],"{'name': 'Derek Homeier', 'github_username': 'dhomeier'}","{'name': 'Isabel Zimmerman', 'github_username': 'isabelizimm'}","[{'name': 'P. L. Lim', 'github_username': 'pllim'}, {'name': 'Leo Singer', 'github_username': 'lpsinger'}]",https://doi.org/10.5281/zenodo.10999612,v.0.9.2,2024-04-21,2024-02-24 12:28:07+00:00,2025-01-14 18:43:28+00:00,2024-05-13 17:38:26+00:00,https://github.com/pyOpenSci/software-submission/issues/161,https://joss.theoj.org/papers/10.21105/joss.06648,['astropy'],"{'name': 'zodipy', 'description': 'Astropy-affiliated package for zodiacal light simulations. Maintainers: @metinsa, @hermda02, @dncnwtts', 'created_at': '2021-08-11', 'stargazers_count': 12, 'watchers_count': 2, 'open_issues_count': 2, 'forks_count': 10, 'documentation': 'https://cosmoglobe.github.io/zodipy/', 'contrib_count': 8, 'last_commit': '2025-04-21'}","['6/pyOS-approved', '9/joss-approved', 'astropy']",True
plot_phylo,A Python package to plot a phylogenetic tree on an existing Matplotlib axis.,"{'name': 'Katy Brown', 'github_username': 'KatyBrown'}","[{'name': 'Katy Brown', 'github_username': 'KatyBrown'}]",https://github.com/KatyBrown/plot_phylo,1.9.0,"['data-visualization', 'workflow-automation']","{'name': 'C. Titus Brown', 'github_username': 'ctb'}","{'name': 'Isabel Zimmerman', 'github_username': 'isabelizimm'}","[{'name': 'Ammar Aziz', 'github_username': 'ammaraziz'}, {'name': 'Jayaram Kancherla', 'github_username': 'jkanche'}]",https://doi.org/10.5281/zenodo.13871592,0.1.11,2025-01-21,2024-02-22 11:55:59+00:00,2025-03-19 21:22:07+00:00,2025-03-19 21:22:05+00:00,https://github.com/pyOpenSci/software-submission/issues/160,,,"{'name': 'plot_phylo', 'description': 'Python package to plot a phylogenetic tree on an existing matplotlib axis.', 'created_at': '2023-12-22', 'stargazers_count': 24, 'watchers_count': 1, 'open_issues_count': 6, 'forks_count': 1, 'documentation': 'https://plot-phylo.readthedocs.io', 'contrib_count': 1, 'last_commit': '2025-07-21'}",['6/pyOS-approved'],True
PetroFit,"The PetroFit Project is an open-source effort to develop end-to-end tools for making accurate photometric measurements, estimating morphological properties, and fitting 2D models to galaxy images.","{'name': 'Robel Geda', 'github_username': 'robelgeda'}","[{'name': 'Robel Geda', 'github_username': 'robelgeda'}, {'name': 'Steve Crawford', 'github_username': 'crawfordsm'}]",https://github.com/PetroFit/petrofit,v0.5.0 (will be updated to v1.0.0 after review),['data-processing-munging'],"{'name': 'Derek Homeier', 'github_username': 'dhomeier'}","{'name': 'Isabel Zimmerman', 'github_username': 'isabelizimm'}","[{'name': 'Nadia Dencheva', 'github_username': 'nden'}, {'name': 'Kyle Oman', 'github_username': 'kyleaoman'}]",https://doi.org/10.5281/zenodo.14962700,[v0.6.0](https://github.com/PetroFit/petrofit/releases/tag/v0.6.0),2025-02-28,2024-02-16 22:46:47+00:00,2025-05-02 11:04:54+00:00,2025-05-02 11:04:53+00:00,https://github.com/pyOpenSci/software-submission/issues/159,,['astropy'],"{'name': 'petrofit', 'description': 'Python package for calculating Petrosian properties and fitting galaxy light profiles', 'created_at': '2021-03-16', 'stargazers_count': 30, 'watchers_count': 2, 'open_issues_count': 30, 'forks_count': 7, 'documentation': 'https://petrofit.readthedocs.io', 'contrib_count': 3, 'last_commit': '2025-08-22'}","['6/pyOS-approved', 'astropy']",True
harmonize-wq,"Standardize, clean, and wrangle Water Quality Portal data into more analytic-ready formats","{'name': 'Justin Bousquin', 'github_username': 'jbousquin'}","[{'name': 'Justin Bousquin', 'github_username': 'jbousquin'}]",https://github.com/USEPA/harmonize-wq,0.4.0,['data-processing-munging'],"{'name': 'Alex Batisse', 'github_username': 'Batalex'}","{'name': 'Isabel Zimmerman', 'github_username': 'isabelizimm'}","[{'name': 'Romain Caneill', 'github_username': 'rcaneill'}, {'name': 'Jacqui Levy', 'github_username': 'jacqui-123'}]",https://doi.org/10.5281/zenodo.13356847,0.5.0,2024-08-10,2024-02-08 19:43:03+00:00,2025-02-06 17:12:04+00:00,2025-02-06 17:12:02+00:00,https://github.com/pyOpenSci/software-submission/issues/157,https://doi.org/10.21105/joss.07305,,"{'name': 'harmonize-wq', 'description': 'Standardize, clean, and wrangle Water Quality Portal data into more analytic-ready formats', 'created_at': '2022-06-27', 'stargazers_count': 18, 'watchers_count': 5, 'open_issues_count': 22, 'forks_count': 8, 'documentation': 'https://usepa.github.io/harmonize-wq/', 'contrib_count': 5, 'last_commit': '2025-02-06'}","['6/pyOS-approved', '9/joss-approved']",True
xnemogcm,Interface to open NEMO global circulation model output dataset with xarray and create a xgcm grid.,"{'name': 'Romain Caneill', 'github_username': 'rcaneill'}","[{'name': 'Romain Caneill', 'github_username': 'rcaneill'}]",https://github.com/rcaneill/xnemogcm/,0.4.2,['data-processing-munging'],"{'name': 'Filipe', 'github_username': 'ocefpaf'}",,"[{'name': 'Paige Martin', 'github_username': 'paigem'}, {'name': 'Callum Rollo', 'github_username': 'callumrollo'}]",https://doi.org/10.5281/zenodo.10973846,0.4.3,2024-04-02,2024-01-06 12:33:45+00:00,2024-05-02 16:32:24+00:00,2024-04-18 10:12:09+00:00,https://github.com/pyOpenSci/software-submission/issues/155,,,"{'name': 'xnemogcm', 'description': 'Interface to open NEMO global circulation model output dataset with xarray and create a xgcm grid.', 'created_at': '2020-01-24', 'stargazers_count': 22, 'watchers_count': 1, 'open_issues_count': 1, 'forks_count': 11, 'documentation': 'https://xnemogcm.readthedocs.io/', 'contrib_count': 6, 'last_commit': '2025-01-20'}",['6/pyOS-approved'],True
automata,"A Python library for simulating finite automata, pushdown automata, and Turing machines.","{'name': 'Eliot Robson', 'github_username': 'eliotwrobson'}","[{'name': 'Eliot Robson', 'github_username': 'eliotwrobson'}, {'name': 'Caleb Evans', 'github_username': 'caleb531'}]",https://github.com/caleb531/automata,v8.2.0,"['data-processing-munging', 'data-visualization']","{'name': 'Jonny Saunders', 'github_username': 'sneakers-the-rat'}","{'name': 'Isabel Zimmerman', 'github_username': 'isabelizimm'}","[{'name': 'Phil Dong', 'github_username': 'phildong'}, {'name': 'Iris Young', 'github_username': 'irisdyoung'}, {'name': 'Nima Sarajpoor', 'github_username': 'NimaSarajpoor'}]",https://doi.org/10.5281/zenodo.10864492,"8.4.0 ([repo](https://github.com/caleb531/automata/releases/tag/v8.4.0), [pypi](https://pypi.org/project/automata-lib/8.4.0/), [archive](https://zenodo.org/records/12594180))",2024-06-29,2023-12-31 02:23:34+00:00,2024-08-01 19:14:28+00:00,2024-08-01 19:14:27+00:00,https://github.com/pyOpenSci/software-submission/issues/152,,,"{'name': 'automata', 'description': 'A Python library for simulating finite automata, pushdown automata, and Turing machines', 'created_at': '2016-02-16', 'stargazers_count': 385, 'watchers_count': 8, 'open_issues_count': 10, 'forks_count': 69, 'documentation': 'https://caleb531.github.io/automata/', 'contrib_count': 18, 'last_commit': '2025-07-07'}",['6/pyOS-approved'],True
SLEPLET,Slepian Scale-Discretised Wavelets in Python,"{'name': 'Patrick J. Roddy', 'github_username': 'paddyroddy'}","[{'name': 'Patrick J. Roddy', 'github_username': 'paddyroddy'}]",https://github.com/astro-informatics/sleplet,[v1.4.4](https://pypi.org/project/sleplet/1.4.4),"['data-processing-munging', 'data-visualization']","{'name': 'Szymon Moliński', 'github_username': 'SimonMolinsky'}","{'name': 'David Nicholson', 'github_username': 'NickleDave'}","[{'name': 'Shannon Quinn', 'github_username': 'magsol'}, {'name': 'Jakub Tomasz Gnyp', 'github_username': 'gnypit'}]",https://doi.org/10.5281/zenodo.7268074,1.4.7,2024-05-21,2023-11-16 01:32:15+00:00,2025-01-14 18:45:55+00:00,2024-06-06 08:29:04+00:00,https://github.com/pyOpenSci/software-submission/issues/149,https://joss.theoj.org/papers/10.21105/joss.05221,,"{'name': 'sleplet', 'description': 'Slepian Scale-Discretised Wavelets in Python', 'created_at': '2020-10-21', 'stargazers_count': 9, 'watchers_count': 3, 'open_issues_count': 3, 'forks_count': 1, 'documentation': 'https://pypi.org/project/sleplet', 'contrib_count': 5, 'last_commit': '2025-08-27'}","['6/pyOS-approved', '9/joss-approved']",True
sunpy,Python for Solar Physics,"{'name': 'Nabil Freij', 'github_username': 'nabobalis'}","[{'name': 'Steven Christe', 'github_username': 'ehsteve'}, {'name': 'David Pérez-Suárez', 'github_username': 'dpshelio'}, {'name': 'Jack Ireland', 'github_username': 'wafels'}, {'name': 'Albert Y. Shih', 'github_username': 'ayshih'}, {'name': 'Stuart Mumford', 'github_username': 'Cadair'}, {'name': 'Nabil Freij', 'github_username': 'nabobalis'}, {'name': 'David Stansby', 'github_username': 'dstansby'}, {'name': 'DanRyanIrish', 'github_username': 'DanRyanIrish'}, {'name': 'Will Barnes', 'github_username': 'wtbarnes'}, {'name': 'Conor MacBride', 'github_username': 'ConorMacBride'}, {'name': 'Alasdair Wilson', 'github_username': 'alasdairwilson'}, {'name': 'Laura Hayes', 'github_username': 'hayesla'}, {'name': 'Vishnunarayan K I', 'github_username': 'vn-ki'}]",https://github.com/sunpy/sunpy,5.0.1,"['data-retrieval', 'data-extraction', 'data-processing-munging', 'data-visualization']","{'name': 'Chiara Marmo', 'github_username': 'cmarmo'}","{'name': 'Isabel Zimmerman', 'github_username': 'isabelizimm'}","[{'name': 'Septaris/Babouh', 'github_username': 'Septaris'}, {'name': 'Sean Kelly', 'github_username': 'nutjob4life'}]",https://doi.org/10.5281/zenodo.8384174,5.1.1,2024-01-18,2023-10-30 18:45:06+00:00,2025-01-14 18:46:34+00:00,2024-01-27 23:05:39+00:00,https://github.com/pyOpenSci/software-submission/issues/147,https://joss.theoj.org/papers/10.21105/joss.01832,,"{'name': 'sunpy', 'description': 'SunPy - Python for Solar Physics', 'created_at': '2011-08-06', 'stargazers_count': 961, 'watchers_count': 48, 'open_issues_count': 266, 'forks_count': 609, 'documentation': 'https://www.sunpy.org', 'contrib_count': 240, 'last_commit': '2025-08-22'}",['6/pyOS-approved'],True
ncompare,"`ncompare` compares two netCDF files at the command line, by generating a report of the matching and non-matching groups, variables, and attributes.","{'name': 'Daniel Kaufman', 'github_username': 'danielfromearth'}","[{'name': 'Daniel Kaufman', 'github_username': 'danielfromearth'}]",https://github.com/nasa/ncompare,1.4.0,['data-validation-testing'],"{'name': 'Tom Russell', 'github_username': 'tomalrussell'}","{'name': 'David Nicholson', 'github_username': 'NickleDave'}","[{'name': 'Chiara Marmo', 'github_username': 'cmarmo'}, {'name': 'Michael Tso', 'github_username': 'cmtso'}]",https://zenodo.org/doi/10.5281/zenodo.10625407,1.7.2,2024-02-06,2023-10-25 13:12:48+00:00,2025-01-14 18:47:21+00:00,2024-06-12 15:48:36+00:00,https://github.com/pyOpenSci/software-submission/issues/146,https://doi.org/10.21105/joss.06490,,"{'name': 'ncompare', 'description': 'Compare the structure of two netCDF (or HDF5) files', 'created_at': '2023-08-17', 'stargazers_count': 29, 'watchers_count': 4, 'open_issues_count': 4, 'forks_count': 10, 'documentation': 'https://ncompare.readthedocs.io', 'contrib_count': 7, 'last_commit': '2025-01-08'}","['6/pyOS-approved', '9/joss-approved']",True
rdata,Read R datasets from Python.,"{'name': 'Carlos Ramos Carreño', 'github_username': 'vnmabus'}","[{'name': 'Carlos Ramos Carreño', 'github_username': 'vnmabus'}]",https://github.com/vnmabus/rdata,0.9.2.dev1,['data-processing-munging'],"{'name': 'Isabel Zimmerman', 'github_username': 'isabelizimm'}",,"[{'name': 'Richard Iannone', 'github_username': 'rich-iannone'}, {'name': 'Hassan Kibirige', 'github_username': 'has2k1'}]",https://doi.org/10.5281/zenodo.10776842,[0.11.0](https://github.com/vnmabus/rdata/releases/tag/0.11.0),2024-2-29,2023-10-20 08:26:10+00:00,2025-02-22 00:24:49+00:00,2025-02-21 20:20:59+00:00,https://github.com/pyOpenSci/software-submission/issues/144,https://doi.org/10.21105/joss.07540,,"{'name': 'rdata', 'description': 'Reader of R datasets in .rda format, in Python', 'created_at': '2018-07-02', 'stargazers_count': 53, 'watchers_count': 3, 'open_issues_count': 5, 'forks_count': 3, 'documentation': 'https://rdata.readthedocs.io', 'contrib_count': 2, 'last_commit': '2025-08-15'}","['6/pyOS-approved', '9/joss-approved']",True
EOmaps,"EOmaps is a python package to visualize, analyze and compare geographical datasets.","{'name': 'Raphael Quast', 'github_username': 'raphaelquast'}","[{'name': 'Raphael Quast', 'github_username': 'raphaelquast'}]",https://github.com/raphaelquast/EOmaps,7.3,['data-visualization'],"{'name': 'Bane Sullivan', 'github_username': 'banesullivan'}",,"[{'name': 'Lauren Yee', 'github_username': 'yeelauren'}, {'name': 'Joseph H Kennedy', 'github_username': 'jhkennedy'}]",https://doi.org/10.5281/zenodo.10822829,8.0.2,2024-03-14,2023-09-26 12:14:47+00:00,2024-03-20 06:03:26+00:00,2024-03-20 05:56:50+00:00,https://github.com/pyOpenSci/software-submission/issues/138,,,"{'name': 'EOmaps', 'description': 'A library to create interactive maps of geographical datasets', 'created_at': '2021-09-27', 'stargazers_count': 358, 'watchers_count': 4, 'open_issues_count': 10, 'forks_count': 27, 'documentation': 'https://eomaps.readthedocs.io/', 'contrib_count': 9, 'last_commit': '2025-06-03'}",['6/pyOS-approved'],True
sourmash,"`sourmash` is a command line tool and Python library for sketching collections of DNA, RNA, and amino acid k-mers for biological sequence search, comparison, and analysis.","{'name': 'Tessa Pierce-Ward', 'github_username': 'bluegenes'}","[{'name': 'C. Titus Brown', 'github_username': 'ctb'}, {'name': 'Luiz Irber', 'github_username': 'luizirber'}, {'name': 'Tessa Pierce Ward', 'github_username': 'bluegenes'}]",https://github.com/sourmash-bio/sourmash,4.8,['data-processing-munging'],"{'name': 'Emily Jane McTavish', 'github_username': 'snacktavish'}",,"[{'name': 'Lili Andersson-Li', 'github_username': 'LilyAnderssonLee'}, {'name': 'Elais Player', 'github_username': 'elais'}]",https://doi.org/10.5281/zenodo.10951577,[v4.8.8](https://github.com/sourmash-bio/sourmash/releases/tag/v4.8.8),2024-4-4,2023-08-14 21:02:57+00:00,2024-11-23 00:44:05+00:00,2024-07-22 20:13:57+00:00,https://github.com/pyOpenSci/software-submission/issues/129,https://doi.org/10.21105/joss.06830,,"{'name': 'sourmash', 'description': 'Quickly search, compare, and analyze genomic and metagenomic data sets.', 'created_at': '2016-04-09', 'stargazers_count': 519, 'watchers_count': 16, 'open_issues_count': 751, 'forks_count': 87, 'documentation': 'https://sourmash.readthedocs.io/en/latest/', 'contrib_count': 45, 'last_commit': '2025-08-28'}","['6/pyOS-approved', '9/joss-approved']",True
Sciform,"A package for converting python numbers (floats, Decimals) into scientific-formatted strings more suitable for reading and presentation.","{'name': 'Justin Gerber', 'github_username': 'jagerber48'}","[{'name': 'Justin Gerber', 'github_username': 'jagerber48'}]",https://github.com/jagerber48/sciform,0.24.0,['data-visualization'],"{'name': 'Alex Batisse', 'github_username': 'Batalex'}",,"[{'name': 'Isabel Zimmerman', 'github_username': 'isabelizimm'}, {'name': 'Michael Chow', 'github_username': 'machow'}]",https://doi.org/10.5281/zenodo.10645273,0.34.1,2024-02-07,2023-07-21 04:41:08+00:00,2024-05-02 17:46:01+00:00,2024-05-02 16:42:00+00:00,https://github.com/pyOpenSci/software-submission/issues/121,,,"{'name': 'sciform', 'description': 'A package for formatting numbers into scientific formatted strings.', 'created_at': '2023-05-26', 'stargazers_count': 18, 'watchers_count': 1, 'open_issues_count': 7, 'forks_count': 2, 'documentation': 'https://sciform.readthedocs.io/en/stable/', 'contrib_count': 2, 'last_commit': '2024-11-15'}",['6/pyOS-approved'],True
astartes,Better Data Splits for Machine Learning,"{'name': 'Jackson Burns', 'github_username': 'JacksonBurns'}","[{'name': 'Kevin Spiekermann', 'github_username': 'kspieks'}, {'name': 'Himaghna Bhattacharjee', 'github_username': 'himaghna'}]",https://github.com/JacksonBurns/astartes,v[1.1.2](https://github.com/JacksonBurns/astartes/releases/tag/v1.1.2),['data-processing-munging'],"{'name': 'Chiara Marmo', 'github_username': 'cmarmo'}",,"[{'name': 'Beryl Kanali', 'github_username': 'BerylKanali'}, {'name': 'Du Phan', 'github_username': 'du-phan'}]",https://doi.org/10.5281/zenodo.8431894,v[1.1.3](https://github.com/JacksonBurns/astartes/releases/tag/v1.1.3),2023-10-15,2023-07-10 22:12:51+00:00,2025-02-01 17:50:10+00:00,2023-11-12 21:12:16+00:00,https://github.com/pyOpenSci/software-submission/issues/120,https://doi.org/10.21105/joss.05996,,"{'name': 'astartes', 'description': 'Better Data Splits for Machine Learning', 'created_at': '2022-04-22', 'stargazers_count': 84, 'watchers_count': 2, 'open_issues_count': 6, 'forks_count': 5, 'documentation': 'https://jacksonburns.github.io/astartes/', 'contrib_count': 3, 'last_commit': '2025-07-29'}","['6/pyOS-approved', '9/joss-approved']",True
XGI,XGI is a Python package for higher-order networks.,"{'name': 'Nicholas Landry', 'github_username': 'nwlandry'}","[{'name': 'Nicholas Landry', 'github_username': 'nwlandry'}, {'name': 'Leo Torres', 'github_username': 'leotrs'}, {'name': 'Maxime Lucas', 'github_username': 'maximelucas'}, {'name': 'Iacopo Iacopini', 'github_username': 'iaciac'}, {'name': 'Giovanni Petri', 'github_username': 'lordgrilo'}, {'name': 'Alice Schwarze', 'github_username': 'acuschwarze'}, {'name': 'Thomas Robiglio', 'github_username': 'thomasrobiglio'}, {'name': 'Alice Patania', 'github_username': 'alpatania'}]",https://github.com/xgi-org/xgi,0.7,"['data-retrieval', 'data-processing-munging', 'data-visualization']","{'name': 'Szymon Moliński', 'github_username': 'SimonMolinsky'}",,"[{'name': 'Nhat Jonny Tran', 'github_username': 'JonnyTran'}, {'name': 'Marta Leszczyńska', 'github_username': 'Reckony'}]",https://doi.org/10.5281/zenodo.8365068,0.7.4,2023-09-23,2023-06-08 16:15:32+00:00,2025-02-01 17:51:41+00:00,2023-10-23 07:38:27+00:00,https://github.com/pyOpenSci/software-submission/issues/115,https://doi.org/10.21105/joss.05162,,"{'name': 'xgi', 'description': 'CompleX Group Interactions (XGI) is a Python package for higher-order networks.', 'created_at': '2021-09-08', 'stargazers_count': 219, 'watchers_count': 9, 'open_issues_count': 49, 'forks_count': 38, 'documentation': 'https://xgi.readthedocs.io', 'contrib_count': 18, 'last_commit': '2025-08-17'}","['6/pyOS-approved', '9/joss-approved']",True
biocypher,framework for creating biomedical knowledge graphs,"{'name': 'Sebastian Lobentanzer', 'github_username': 'slobentanzer'}","[{'name': 'Sebastian Lobentanzer', 'github_username': 'slobentanzer'}]",https://github.com/biocypher/biocypher,0.5.14,"['data-retrieval', 'data-extraction', 'data-processing-munging', 'data-deposition', 'data-validation-testing', 'workflow-automation', 'database-interoperability']","{'name': 'Ariane Sasso', 'github_username': 'arianesasso'}",,"[{'name': 'Lukas Heumos', 'github_username': 'Zethson'}, {'name': 'Moritz E. Beber', 'github_username': 'Midnighter'}, {'name': None, 'github_username': 'Sinna'}]",https://doi.org/10.5281/zenodo.10158204,v0.5.33,2023-11-14,2023-05-04 18:08:32+00:00,2023-12-14 23:29:54+00:00,2023-11-28 18:03:51+00:00,https://github.com/pyOpenSci/software-submission/issues/110,,,"{'name': 'biocypher', 'description': 'A unifying framework for biomedical research knowledge graphs', 'created_at': '2021-09-10', 'stargazers_count': 262, 'watchers_count': 8, 'open_issues_count': 181, 'forks_count': 40, 'documentation': 'https://biocypher.org', 'contrib_count': 19, 'last_commit': '2025-08-28'}",['6/pyOS-approved'],True
cardsort,A python package to analyse data from open card sorting tasks,"{'name': 'Katharina Kloppenborg', 'github_username': 'katoss'}","[{'name': 'Katharina Kloppenborg', 'github_username': 'katoss'}]",https://github.com/katoss/cardsort,[0.2.2](https://github.com/katoss/cardsort/releases/tag/v0.2.2),"['data-extraction', 'data-processing-munging', 'data-visualization']","{'name': 'Alex Batisse', 'github_username': 'Batalex'}",,"[{'name': 'Semidán Robaina', 'github_username': 'Robaina'}, {'name': None, 'github_username': 'khynder'}]",https://doi.org/10.5281/zenodo.8214655,v [0.2.36](https://github.com/katoss/cardsort/releases/tag/v0.2.36),2023-08-16,2023-04-20 11:29:27+00:00,2023-12-13 10:40:37+00:00,2023-08-23 08:21:12+00:00,https://github.com/pyOpenSci/software-submission/issues/102,,,"{'name': 'cardsort', 'description': 'A python package to analyse cardsorting data from kardsort.com outputs.', 'created_at': '2023-03-16', 'stargazers_count': 8, 'watchers_count': 2, 'open_issues_count': 0, 'forks_count': 2, 'documentation': 'https://cardsort.readthedocs.io', 'contrib_count': 4, 'last_commit': '2025-04-15'}",['6/pyOS-approved'],True
afscgap,Community contributed Python-based tools for working with public bottom trawl surveys data from the NOAA Alaska Fisheries Science Center Groundfish Assessment Program ([NOAA AFSC GAP](https://www.fisheries.noaa.gov/contact/groundfish-assessment-program)).,"{'name': 'Sam Pottinger', 'github_username': 'sampottinger'}","[{'name': 'A Samuel Pottinger', 'github_username': 'sampottinger'}, {'name': 'Giulia Zarpellon', 'github_username': 'gizarp'}]",https://github.com/SchmidtDSE/afscgap,0.0.7,"['data-retrieval', 'data-processing-munging', 'data-visualization']","{'name': 'Filipe', 'github_username': 'ocefpaf'}",,"[{'name': 'Tylar', 'github_username': '7yl4r'}, {'name': 'Ayush Anand', 'github_username': 'ayushanand18'}]",https://zenodo.org/badge/latestdoi/603308264,0.0.7,2023-05-30,2023-03-25 00:27:27+00:00,2023-08-29 02:15:31+00:00,2023-06-28 19:06:00+00:00,https://github.com/pyOpenSci/software-submission/issues/93,https://doi.org/10.21105/joss.05593,,"{'name': 'afscgap', 'description': 'Python-based tools for NOAA AFSC GAP marine species surveys data', 'created_at': '2023-02-18', 'stargazers_count': 5, 'watchers_count': 3, 'open_issues_count': 3, 'forks_count': 4, 'documentation': 'https://pyafscgap.org', 'contrib_count': 2, 'last_commit': '2025-01-08'}","['6/pyOS-approved', '9/joss-approved']",True
taxpasta,TAXonomic Profile Aggregation and STAndardisation,"{'name': 'Moritz E. Beber', 'github_username': 'Midnighter'}","[{'name': 'Moritz E. Beber', 'github_username': 'Midnighter'}, {'name': 'Sofia Stamouli', 'github_username': 'sofstam'}, {'name': 'James A. Fellows Yates', 'github_username': 'jfy133'}]",https://github.com/taxprofiler/taxpasta,0.2.1,['data-processing-munging'],"{'name': 'C. Titus Brown', 'github_username': 'ctb'}",,"[{'name': 'Emily Jane McTavish', 'github_username': 'snacktavish'}, {'name': 'Tessa Pierce Ward', 'github_username': 'bluegenes'}]",https://github.com/taxprofiler/taxpasta/releases/tag/0.4.0,0.4.0,2023-07-05,2023-03-02 16:50:50+00:00,2023-12-13 10:49:10+00:00,2023-07-12 14:22:46+00:00,https://github.com/pyOpenSci/software-submission/issues/84,https://doi.org/10.21105/joss.05627,,"{'name': 'taxpasta', 'description': 'TAXnomic Profile Aggregation and STAndardisation', 'created_at': '2022-06-03', 'stargazers_count': 41, 'watchers_count': 4, 'open_issues_count': 12, 'forks_count': 7, 'documentation': 'https://taxpasta.readthedocs.io/', 'contrib_count': 5, 'last_commit': '2025-08-19'}","['6/pyOS-approved', '9/joss-approved']",True
bibat,An interactive template for Bayesian statistical analysis projects,"{'name': 'Teddy Groves', 'github_username': 'teddygroves'}","[{'name': 'Teddy Groves', 'github_username': 'teddygroves'}]",https://github.com/teddygroves/bibat/,0.1.0,['workflow-automation'],"{'name': 'Meenal Jhajharia', 'github_username': 'mjhajharia'}",,"[{'name': 'Oriol Abril-Pla', 'github_username': 'OriolAbril'}, {'name': 'Alexey Izmailov', 'github_username': 'alizma'}]",https://doi.org/10.5281/zenodo.8124312,0.1.10,2023-07-05,2023-03-01 14:16:51+00:00,2023-12-14 23:37:44+00:00,2023-12-13 22:30:02+00:00,https://github.com/pyOpenSci/software-submission/issues/83,,,"{'name': 'bibat', 'description': 'A batteries-included template for Bayesian data analysis projects', 'created_at': '2021-03-04', 'stargazers_count': 22, 'watchers_count': 1, 'open_issues_count': 13, 'forks_count': 2, 'documentation': 'https://bibat.readthedocs.io/', 'contrib_count': 1, 'last_commit': '2024-04-10'}",['6/pyOS-approved'],True
Python-graphblas,Python library for GraphBLAS: high-performance sparse linear algebra for scalable graph analytics,"{'name': 'Erik Welch', 'github_username': 'eriknw'}","[{'name': 'Erik Welch', 'github_username': 'eriknw'}, {'name': 'Jim Kitchen', 'github_username': 'jim22k'}, {'name': 'Sultan Orazbayev', 'github_username': 'SultanOrazbayev'}]",https://github.com/python-graphblas/python-graphblas,2023.1.0,"['data-munging', 'scientific-software-wrapper']","{'name': 'Tom Russell', 'github_username': 'tomalrussell'}",,"[{'name': 'Jonny Saunders', 'github_username': 'sneakers-the-rat'}, {'name': 'Szabolcs Horvát', 'github_username': 'szhorvat'}]",https://doi.org/10.5281/zenodo.8125660,2023.7.0,2023-07-14,2023-02-04 23:07:20+00:00,2024-03-12 17:32:53+00:00,2023-07-27 17:48:29+00:00,https://github.com/pyOpenSci/software-submission/issues/81,,,"{'name': 'python-graphblas', 'description': 'Python library for GraphBLAS: high-performance sparse linear algebra for scalable graph analytics', 'created_at': '2019-11-11', 'stargazers_count': 137, 'watchers_count': 9, 'open_issues_count': 54, 'forks_count': 15, 'documentation': 'https://python-graphblas.readthedocs.io/en/stable/', 'contrib_count': 11, 'last_commit': '2025-02-26'}",['6/pyOS-approved'],True
xclim,Climate indices computation package based on Xarray,"{'name': 'Trevor James Smith', 'github_username': 'Zeitsperre'}","[{'name': 'Trevor James Smith', 'github_username': 'Zeitsperre'}, {'name': 'Travis Logan', 'github_username': 'tlogan2000'}, {'name': 'Pascal Bourgault', 'github_username': 'aulemahal'}]",https://github.com/Ouranosinc/xclim,v0.40.0,"['data-munging', 'reproducibility', 'geospatial']","{'name': 'Alex Batisse', 'github_username': 'Batalex'}",,"[{'name': 'James Munroe', 'github_username': 'jmunroe'}, {'name': 'Agustina', 'github_username': 'aguspesce'}]",https://zenodo.org/badge/latestdoi/142608764,v0.42.0,2023-04-11,2023-01-16 16:59:20+00:00,2023-09-18 22:18:20+00:00,2023-05-22 04:04:53+00:00,https://github.com/pyOpenSci/software-submission/issues/73,https://doi.org/10.21105/joss.05415,,"{'name': 'xclim', 'description': 'Library of derived climate variables, ie climate indicators, based on xarray. ', 'created_at': '2018-07-27', 'stargazers_count': 367, 'watchers_count': 14, 'open_issues_count': 40, 'forks_count': 66, 'documentation': 'https://xclim.readthedocs.io/en/stable/', 'contrib_count': 41, 'last_commit': '2025-08-28'}","['6/pyOS-approved', '9/joss-approved', 'Pangeo']",True
crowsetta,A Python tool to work with any format for annotating animal vocalizations and bioacoustics data.,"{'name': 'David Nicholson', 'github_username': 'NickleDave'}","[{'name': 'David Nicholson', 'github_username': 'NickleDave'}]",https://github.com/vocalpy/crowsetta,[4.0.0.post2](https://github.com/vocalpy/crowsetta/releases/tag/4.0.0.post2),"['data-extraction', 'data-munging', 'reproducibility']","{'name': 'Chiara Marmo', 'github_username': 'cmarmo'}",,"[{'name': 'Tessa Rhinehart', 'github_username': 'rhine3'}, {'name': 'Sylvain HAUPERT', 'github_username': 'shaupert'}]",https://zenodo.org/badge/latestdoi/159904494,v [5.0](https://github.com/vocalpy/crowsetta/releases/tag/5.0.0),2023-03-28,2023-01-03 19:39:16+00:00,2024-11-21 00:50:18+00:00,2023-04-13 20:26:00+00:00,https://github.com/pyOpenSci/software-submission/issues/68,https://doi.org/10.21105/joss.05338,,"{'name': 'crowsetta', 'description': 'A tool to work with any format for annotating animal sounds', 'created_at': '2018-12-01', 'stargazers_count': 57, 'watchers_count': 1, 'open_issues_count': 40, 'forks_count': 4, 'documentation': 'https://crowsetta.readthedocs.io/en/latest/', 'contrib_count': 2, 'last_commit': '2025-07-17'}","['6/pyOS-approved', '9/joss-approved']",True
Pynteny,Query sequence database by HMMs arranged in predefined synteny structure,"{'name': 'Semidán Robaina', 'github_username': 'Robaina'}","[{'name': 'Semidán Robaina', 'github_username': 'Robaina'}]",https://github.com/Robaina/Pynteny,v0.0.5,"['data-retrieval', 'data-extraction', 'education']","{'name': 'Ariane Sasso', 'github_username': 'arianesasso'}",,"[{'name': 'Alex Batisse', 'github_username': 'Batalex'}, {'name': 'Corinna Thoben', 'github_username': 'c-thoben'}]",https://doi.org/10.5281/zenodo.7696204,1.0.0,2023-03-10,2022-12-16 22:02:53+00:00,2023-08-29 01:32:03+00:00,2023-04-12 20:48:15+00:00,https://github.com/pyOpenSci/software-submission/issues/67,https://doi.org/10.21105/joss.05289,,"{'name': 'Pynteny', 'description': 'Query sequence database by HMMs arranged in predefined synteny structure', 'created_at': '2022-06-06', 'stargazers_count': 13, 'watchers_count': 1, 'open_issues_count': 2, 'forks_count': 1, 'documentation': 'https://robaina.github.io/Pynteny', 'contrib_count': 2, 'last_commit': '2023-11-03'}","['6/pyOS-approved', '9/joss-approved']",True
Jointly,Jointly is a python package for synchronizing sensors with accelerometer data,"{'name': 'Arne Herdick', 'github_username': 'enra64'}","[{'name': 'Arne', 'github_username': 'enra64'}, {'name': 'Ariane Sasso', 'github_username': 'arianesasso'}]",https://github.com/hpi-dhc/jointly,1.0.2,['data-munging'],"{'name': 'Ivan Ogasawara', 'github_username': 'xmnlab'}",,"[{'name': 'Álex Sáez', 'github_username': 'AlexS12'}, {'name': 'K. Arthur Endsley', 'github_username': 'arthur-e'}]",https://zenodo.org/badge/latestdoi/303936309,1.0.3,2021-12-29,2021-08-31 12:58:45+00:00,2023-08-29 02:01:15+00:00,2022-01-12 18:45:20+00:00,https://github.com/pyOpenSci/software-submission/issues/45,,,"{'name': 'jointly', 'description': 'Jointly: A Python package for synchronizing sensors with accelerometer data', 'created_at': '2020-10-14', 'stargazers_count': 11, 'watchers_count': 3, 'open_issues_count': 0, 'forks_count': 1, 'documentation': 'https://jointly.readthedocs.io/', 'contrib_count': 5, 'last_commit': '2022-01-11'}",['6/pyOS-approved'],True
PyGMT,A Python interface for the Generic Mapping Tools,"{'name': 'Wei Ji Leong', 'github_username': 'weiji14'}","[{'name': 'Wei Ji', 'github_username': 'weiji14'}, {'name': 'Dongdong Tian', 'github_username': 'seisman'}, {'name': 'Max Jones', 'github_username': 'maxrjones'}, {'name': 'Michael Grund', 'github_username': 'michaelgrund'}, {'name': 'Will Schlitzer', 'github_username': 'willschlitzer'}, {'name': 'Yvonne Fröhlich', 'github_username': 'yvonnefroehlich'}]",https://github.com/GenericMappingTools/pygmt,,"['data-munging', 'data-visualization', 'geospatial']","{'name': 'Leah Wasser', 'github_username': 'lwasser'}",,"[{'name': 'Julius Busecke', 'github_username': 'jbusecke'}, {'name': 'Szymon Moliński', 'github_username': 'simonmolinsky'}]",https://zenodo.org/record/6702566,V 0.7.0,2022-9-1,2021-07-23 00:37:07+00:00,2024-12-15 05:27:30+00:00,2023-06-12 22:47:16+00:00,https://github.com/pyOpenSci/software-submission/issues/43,,,"{'name': 'pygmt', 'description': 'A Python interface for the Generic Mapping Tools.', 'created_at': '2017-03-17', 'stargazers_count': 814, 'watchers_count': 27, 'open_issues_count': 142, 'forks_count': 222, 'documentation': 'https://www.pygmt.org', 'contrib_count': 50, 'last_commit': '2025-08-27'}",['6/pyOS-approved'],True
Devicely,"A Python package for reading, timeshifting and writing sensor data","{'name': 'Ariane Sasso', 'github_username': 'arianesasso'}","[{'name': 'Ariane Sasso', 'github_username': 'arianesasso'}]",https://github.com/hpi-dhc/devicely,0.2.5,['data-munging'],"{'name': 'Ivan Ogasawara', 'github_username': 'xmnlab'}",,"[{'name': 'Carol Willing', 'github_username': 'willingc'}, {'name': 'Robert Guggenberger', 'github_username': 'agricolab'}]",https://zenodo.org/badge/latestdoi/279395106,v1.1.1,2021-08-19,2021-04-03 19:25:41+00:00,2023-08-29 02:06:23+00:00,2022-09-07 15:40:27+00:00,https://github.com/pyOpenSci/software-submission/issues/37,https://doi.org/10.21105/joss.03679,,"{'name': 'devicely', 'description': 'Devicely: A Python package for reading, timeshifting and writing sensor data', 'created_at': '2020-07-13', 'stargazers_count': 16, 'watchers_count': 4, 'open_issues_count': 1, 'forks_count': 7, 'documentation': 'https://hpi-dhc.github.io/devicely/', 'contrib_count': 4, 'last_commit': '2021-12-21'}","['6/pyOS-approved', '9/joss-approved']",True
openomics,"Library for integration of multi-omics, annotation, and interaction data","{'name': 'Jonny Tran', 'github_username': 'JonnyTran'}","[{'name': 'Nhat (Jonny) Tran', 'github_username': 'JonnyTran'}]",https://github.com/JonnyTran/OpenOmics,[0.8.4](https://github.com/JonnyTran/OpenOmics/releases/tag/v0.8.4),"['data-retrieval', 'data-extraction', 'data-munging', 'reproducibility']","{'name': 'David Nicholson', 'github_username': 'NickleDave'}",,"[{'name': 'Steve Moss', 'github_username': 'gawbul'}, {'name': 'Katharina Sielemann', 'github_username': 'ksielemann'}]",https://doi.org/10.5281/zenodo.4731011,v [0.8.8](https://github.com/JonnyTran/OpenOmics/releases/tag/v0.8.8),2021-04-17,2021-01-01 19:54:20+00:00,2023-11-09 17:53:10+00:00,2021-05-10 17:48:02+00:00,https://github.com/pyOpenSci/software-submission/issues/31,https://joss.theoj.org/papers/10.21105/joss.03249,,"{'name': 'OpenOmics', 'description': 'A bioinformatics API to interface with public multi-omics bio databases for wicked fast data integration.', 'created_at': '2018-03-16', 'stargazers_count': 33, 'watchers_count': 4, 'open_issues_count': 6, 'forks_count': 10, 'documentation': 'https://openomics.readthedocs.io/en/latest/', 'contrib_count': 8, 'last_commit': '2024-05-15'}","['6/pyOS-approved', '9/joss-approved']",True
Physcraper,Automated phylogenetic updating,"{'name': 'Emily Jane McTavish', 'github_username': 'snacktavish'}","[{'name': 'Emily Jane McTavish', 'github_username': 'snacktavish'}, {'name': 'Luna L. Sanchez Reyes', 'github_username': 'LunaSare'}]",https://github.com/McTavishLab/physcraper,[0.55](https://github.com/McTavishLab/physcraper/releases/tag/0.55),"['data-retrieval', 'data-munging']","{'name': 'David Nicholson', 'github_username': 'NickleDave'}",,"[{'name': 'Boas Pucker', 'github_username': 'bpucker'}, {'name': 'Leonardo de Oliveira Martins', 'github_username': 'leomrtns'}]",https://doi.org/10.5281/zenodo.5512990,v [1.0](https://github.com/McTavishLab/physcraper/releases/tag/v1.0.0),2021-09-14,2020-07-15 22:31:52+00:00,2023-09-09 19:52:35+00:00,2021-09-18 01:07:07+00:00,https://github.com/pyOpenSci/software-submission/issues/26,,,"{'name': 'physcraper', 'description': 'Welcome to Physcraper’s repository! Automatic gene tree updating using the Open Tree of Life.', 'created_at': '2015-08-24', 'stargazers_count': 13, 'watchers_count': 6, 'open_issues_count': 36, 'forks_count': 5, 'documentation': 'https://physcraper.readthedocs.io/en/main/', 'contrib_count': 5, 'last_commit': '2022-05-13'}",['6/pyOS-approved'],True
pystiche,Framework for Neural Style Transfer (NST) built upon PyTorch,"{'name': 'Philip Meier', 'github_username': 'pmeier'}","[{'name': 'Philip Meier', 'github_username': 'pmeier'}]",https://github.com/pystiche/pystiche,[0.5.0post0](https://github.com/pystiche/pystiche/releases/tag/v0.5.0.post0),['reproducibility'],"{'name': 'David Nicholson', 'github_username': 'NickleDave'}",,"[{'name': 'Edgar Riba', 'github_username': 'edgarriba'}, {'name': 'Soumith Chintala', 'github_username': 'soumith'}]",https://doi.org/10.5281/zenodo.4073515,v [0.6.0](https://github.com/pystiche/pystiche/releases/tag/v0.6.0),2020-10-08,2020-07-02 12:57:08+00:00,2023-11-08 23:49:27+00:00,2020-10-14 16:05:10+00:00,https://github.com/pyOpenSci/software-submission/issues/25,https://joss.theoj.org/papers/10.21105/joss.02761,,"{'name': 'pystiche', 'description': 'Framework for Neural Style Transfer (NST) built upon PyTorch', 'created_at': '2019-09-16', 'stargazers_count': 273, 'watchers_count': 9, 'open_issues_count': 11, 'forks_count': 25, 'documentation': None, 'contrib_count': 10, 'last_commit': '2022-03-18'}","['6/pyOS-approved', '9/joss-approved']",True
phenopype,a phenotyping pipeline for Python,"{'name': 'Moritz Lürig', 'github_username': 'mluerig'}","[{'name': 'Moritz Lürig', 'github_username': 'mluerig'}]",https://github.com/phenopype/phenopype,1.0.5,"['data-extraction', 'reproducibility']","{'name': 'Ben Cook', 'github_username': 'jbencook'}",,"[{'name': 'Arthur Porto', 'github_username': 'agporto'}, {'name': 'Seth Donoughe', 'github_username': 'sdonoughe'}]",https://doi.org/10.5281/zenodo.4761417,2.0.1,2021-05-13,2020-05-04 16:51:36+00:00,2023-09-09 20:44:07+00:00,2021-05-17 21:07:45+00:00,https://github.com/pyOpenSci/software-submission/issues/24,,,"{'name': 'phenopype', 'description': 'A phenotyping pipeline for Python', 'created_at': '2022-01-04', 'stargazers_count': 11, 'watchers_count': 1, 'open_issues_count': 0, 'forks_count': 4, 'documentation': 'https://www.phenopype.org', 'contrib_count': 1, 'last_commit': '2025-02-03'}",['6/pyOS-approved'],True
pyrolite,A set of tools for getting the most from your geochemical data.,"{'name': 'Morgan Williams', 'github_username': 'morganjwilliams'}","[{'name': 'Morgan Williams', 'github_username': 'morganjwilliams'}]",https://github.com/morganjwilliams/pyrolite,[0.2.5](https://github.com/morganjwilliams/pyrolite/releases/tag/0.2.5),"['data-munging', 'reproducibility', 'education', 'data-visualization*']","{'name': 'Leah Wasser', 'github_username': 'lwasser'}",,"[{'name': 'Romain Beucher', 'github_username': 'rbeucher'}, {'name': 'Charles Le Losq', 'github_username': 'charlesll'}]",https://doi.org/10.5281/zenodo.3877690,v [0.2.7](https://github.com/morganjwilliams/pyrolite/releases/tag/0.2.7),2020-06-04,2020-02-19 04:54:35+00:00,2023-09-10 20:51:18+00:00,2020-06-09 13:13:43+00:00,https://github.com/pyOpenSci/software-submission/issues/20,https://joss.theoj.org/papers/10.21105/joss.02314,,"{'name': 'pyrolite', 'description': 'A set of tools for getting the most from your geochemical data.', 'created_at': '2018-06-13', 'stargazers_count': 148, 'watchers_count': 5, 'open_issues_count': 11, 'forks_count': 44, 'documentation': 'https://pyrolite.readthedocs.io', 'contrib_count': 14, 'last_commit': '2024-10-29'}","['6/pyOS-approved', '9/joss-approved']",True
MovingPandas,Trajectory classes and functions built on top of GeoPandas,"{'name': 'Anita Graser', 'github_username': 'anitagraser'}","[{'name': 'Anita Graser', 'github_username': 'anitagraser'}]",https://github.com/movingpandas/movingpandas,0.2,"['geospatial', 'data-visualization*']","{'name': 'Jenny Palomino', 'github_username': 'jlpalomino'}",,"[{'name': 'Ivan Ogasawara', 'github_username': 'xmnlab'}, {'name': 'Martin Fleischmann', 'github_username': 'martinfleis'}]",https://doi.org/10.5281/zenodo.3710951,v [0.3.rc1](https://github.com/movingpandas/movingpandas/releases/tag/v0.3.rc1),2020-03-19,2020-01-06 17:13:27+00:00,2023-09-10 20:38:04+00:00,2020-04-08 17:14:16+00:00,https://github.com/pyOpenSci/software-submission/issues/18,,,"{'name': 'movingpandas', 'description': 'Movement trajectory classes and functions built on top of GeoPandas', 'created_at': '2018-12-16', 'stargazers_count': 1331, 'watchers_count': 39, 'open_issues_count': 32, 'forks_count': 201, 'documentation': 'https://movingpandas.org', 'contrib_count': 40, 'last_commit': '2025-08-01'}",['6/pyOS-approved'],True
pandera,"validate the types, properties, and statistics of pandas data structures","{'name': 'Niels Bantilan', 'github_username': 'cosmicbboy'}","[{'name': 'Niels Bantilan', 'github_username': 'cosmicbboy'}]",https://github.com/unionai-oss/pandera,0.1.5,"['data-munging', 'reproducibility']","{'name': 'Leah Wasser', 'github_username': 'lwasser'}",,"[{'name': 'Max Joseph', 'github_username': 'mbjoseph'}, {'name': 'Ivan Ogasawara', 'github_username': 'xmnlab'}]",https://github.com/pandera-dev/pandera/releases/tag/v0.2.3,v0.2.3,2019-10-10,2019-08-14 22:21:25+00:00,2023-08-29 02:14:08+00:00,2021-12-16 21:55:55+00:00,https://github.com/pyOpenSci/software-submission/issues/12,,,"{'name': 'pandera', 'description': 'A light-weight, flexible, and expressive statistical data testing library', 'created_at': '2018-11-01', 'stargazers_count': 3982, 'watchers_count': 20, 'open_issues_count': 415, 'forks_count': 356, 'documentation': 'https://www.union.ai/pandera', 'contrib_count': 166, 'last_commit': '2025-08-29'}",['6/pyOS-approved'],True
Nbless,"Construct, deconstruct, convert, execute, & prepare slides from Jupyter notebooks","{'name': 'Martin Skarzynski', 'github_username': 'marskar'}","[{'name': 'Martin Skarzynski', 'github_username': 'marskar'}]",https://github.com/py4ds/nbless,0.2.26,"['reproducibility', 'education']","{'name': 'Leah Wasser', 'github_username': 'lwasser'}",,"[{'name': 'Filipe', 'github_username': 'ocefpaf'}, {'name': 'Kylen Solvik', 'github_username': 'kysolvik'}]",,TBD,2019-06-17,2019-05-30 18:27:38+00:00,2025-01-13 17:42:30+00:00,2019-08-06 15:45:11+00:00,https://github.com/pyOpenSci/software-submission/issues/7,,,"{'name': 'nbless', 'description': 'Construct, deconstruct, convert, execute, and prepare slides from Jupyter notebooks', 'created_at': '2018-09-05', 'stargazers_count': 34, 'watchers_count': 0, 'open_issues_count': 0, 'forks_count': 6, 'documentation': 'https://py4ds.github.io/nbless/', 'contrib_count': 4, 'last_commit': '2019-07-25'}","['6/pyOS-approved', 'archived']",False
earthpy,A package built to support working with spatial data using open source python,"{'name': 'Leah Wasser', 'github_username': 'lwasser'}","[{'name': 'Leah Wasser', 'github_username': 'lwasser'}, {'name': 'Nathan Korinek', 'github_username': 'nkorinek'}, {'name': 'Max Joseph', 'github_username': 'mbjoseph'}, {'name': 'Joe McGlinchy', 'github_username': 'joemcglinchy'}, {'name': 'Jenny Palomino', 'github_username': 'jlpalomino'}]",https://github.com/earthlab/earthpy,[0.7](https://github.com/earthlab/earthpy/releases/tag/v0.7.0),['geospatial'],"{'name': 'Luiz Irber', 'github_username': 'luizirber'}",,"[{'name': 'Rohit Goswami', 'github_username': 'HaoZeke'}, {'name': 'Sean Gillies', 'github_username': 'sgillies'}]",https://doi.org/10.5281/zenodo.3520899,v [0.7.5](https://github.com/earthlab/earthpy/releases/tag/v0.7.5),2019-11-06,2019-05-08 15:02:14+00:00,2025-02-15 03:57:27+00:00,2019-11-13 22:59:32+00:00,https://github.com/pyOpenSci/software-submission/issues/3,https://joss.theoj.org/papers/10.21105/joss.01886,,"{'name': 'earthpy', 'description': 'A package built to support working with spatial data using open source python', 'created_at': '2018-02-20', 'stargazers_count': 525, 'watchers_count': 17, 'open_issues_count': 28, 'forks_count': 156, 'documentation': 'https://earthpy.readthedocs.io', 'contrib_count': 29, 'last_commit': '2025-07-31'}","['6/pyOS-approved', '9/joss-approved', 'archived']",False
